{
  "clinical_formula": {
    "degree": 2,
    "interaction_only": true,
    "include_genetics": true
  },
  "random_forest": {
    "n_estimators": 375,
    "max_depth": 18,
    "min_samples_split": 15,
    "min_samples_leaf": 10,
    "max_features": "sqrt"
  },
  "xgboost": {
    "n_estimators": 483,
    "learning_rate": 0.01052481329009022,
    "max_depth": 7,
    "min_child_weight": 7,
    "subsample": 0.7637017332034828,
    "colsample_bytree": 0.6727299868828402,
    "gamma": 2.9324868872723725e-07,
    "reg_alpha": 2.716051144654844e-06,
    "reg_lambda": 0.08730885649333642
  },
  "lightgbm": {
    "n_estimators": 257,
    "learning_rate": 0.04065056060747227,
    "num_leaves": 28,
    "max_depth": 4,
    "min_child_samples": 23,
    "subsample": 0.9577412472845793,
    "colsample_bytree": 0.8664360852392103,
    "reg_alpha": 0.00021345075646205593,
    "reg_lambda": 0.0012803280675232282
  }
}