{
  "dataset": "iwpc_warfarin.xls",
  "split": {
    "test_size": 0.2,
    "random_state": 42
  },
  "models": {
    "1. Clinical Formula": {
      "mae": 8.746824234409532,
      "mse": 143.6132171051018,
      "rmse": 11.983873209655624,
      "r2": 0.41307734142057617,
      "within_20_pct": 42.31464737793852,
      "train_accuracy": 0.6800090456806874,
      "test_accuracy": 0.6799276672694394,
      "precision": 0.6566483530617656,
      "recall": 0.5350455876910596,
      "f1": 0.5677055853484099
    },
    "2. Ridge Regression": {
      "mae": 8.739891128831877,
      "mse": 142.12329667819404,
      "rmse": 11.921547578993007,
      "r2": 0.41916639140956524,
      "within_20_pct": 42.31464737793852,
      "train_accuracy": 0.6772953414744459,
      "test_accuracy": 0.6781193490054249,
      "precision": 0.6525561389313069,
      "recall": 0.5250697694303017,
      "f1": 0.5567936969954689
    },
    "3. Random Forest": {
      "mae": 8.910629219759414,
      "mse": 146.77884391921825,
      "rmse": 12.11523189704672,
      "r2": 0.4001399659946655,
      "within_20_pct": 41.048824593128394,
      "train_accuracy": 0.6777476255088195,
      "test_accuracy": 0.6708860759493671,
      "precision": 0.6487925326539118,
      "recall": 0.4916662900100179,
      "f1": 0.5177211760790751
    },
    "4. XGBoost": {
      "mae": 8.957380932971754,
      "mse": 149.76094826065972,
      "rmse": 12.237685576147955,
      "r2": 0.38795261552984606,
      "within_20_pct": 42.58589511754069,
      "train_accuracy": 0.7247851650836725,
      "test_accuracy": 0.6790235081374322,
      "precision": 0.6177828683641755,
      "recall": 0.5349091882731835,
      "f1": 0.5599300093533852
    },
    "5. LightGBM": {
      "mae": 8.83116830761495,
      "mse": 144.92030637916523,
      "rmse": 12.03828502649631,
      "r2": 0.40773549108675544,
      "within_20_pct": 42.58589511754069,
      "train_accuracy": 0.6985526910900045,
      "test_accuracy": 0.6763110307414105,
      "precision": 0.6215665037446011,
      "recall": 0.5422040142191901,
      "f1": 0.5671421526660397
    }
  },
  "winner": {
    "model": "2. Ridge Regression",
    "mae": 8.739891128831877,
    "mse": 142.12329667819404,
    "rmse": 11.921547578993007,
    "r2": 0.41916639140956524,
    "within_20_pct": 42.31464737793852,
    "train_accuracy": 0.6772953414744459,
    "test_accuracy": 0.6781193490054249,
    "precision": 0.6525561389313069,
    "recall": 0.5250697694303017,
    "f1": 0.5567936969954689
  }
}