round,train_size,dose_rmse,dose_mae,dose_r2,dose_within_20_pct,stability_rmse,stability_mae,stability_r2,stability_within_7_days_pct
Initial,2500,13.572640015278395,9.845791356722515,0.08526332463425967,41.833333333333336,7.5761101355765765,5.986107641855876,-0.5164668538531019,66.33333333333333
Update 1,2800,13.491929138183798,9.651817894299827,0.09611009923941893,42.16666666666667,5.91195158407428,4.720377235412598,0.07657399507010232,76.0
Update 2,3100,13.587249301352335,9.7366391805013,0.0832930606436848,40.0,5.7556321004199935,4.618917427062988,0.12476149553166727,77.83333333333333
Update 3,3400,13.158133732924073,9.359132281621298,0.14028199342320125,43.166666666666664,5.685189003508826,4.537621523539225,0.14605445359243652,78.16666666666666
