rank,model,r2,rmse,mae,within_7_days_pct
1,Linear Regression,0.21757988643509063,5.2858153168709885,4.233407078421186,81.6
2,Neural Network,0.21482573779495195,5.295110280154641,4.241647944994838,81.39999999999999
3,LightGBM,0.15550613614388165,5.491490430044641,4.383305408758876,80.4
4,XGBoost,0.1544311164780232,5.494984583711784,4.4075206336975095,78.8
5,Random Forest,0.13063013808227308,5.57178400461368,4.469942896117771,77.4
