{
  "historical_dataset": "/home/surya/Projects/VitaLink_Karthi/ml_pipeline/data/warfarin_cohort.csv",
  "incoming_batches": 3,
  "future_test_size": 600,
  "update_strategy": "cumulative batch retraining on shifted incoming cohorts",
  "rounds": [
    {
      "round": "Initial",
      "train_size": 2500,
      "dose": {
        "rmse": 17.959469655460847,
        "mae": 15.546049600919087,
        "r2": -1.6979118918055627,
        "within_20_pct": 22.333333333333332
      },
      "stability": {
        "rmse": 11.467545126352912,
        "mae": 9.576933781305948,
        "r2": -1.1793171444806232,
        "within_7_days_pct": 39.0
      }
    },
    {
      "round": "Update 1",
      "train_size": 2800,
      "dose": {
        "rmse": 7.801226301513511,
        "mae": 6.05235013516744,
        "r2": 0.4909428995562243,
        "within_20_pct": 74.16666666666667
      },
      "stability": {
        "rmse": 6.215867873806248,
        "mae": 4.862206627527873,
        "r2": 0.3597006387118017,
        "within_7_days_pct": 74.33333333333333
      }
    },
    {
      "round": "Update 2",
      "train_size": 3100,
      "dose": {
        "rmse": 6.802298586251221,
        "mae": 5.287230929056803,
        "r2": 0.6129633165467205,
        "within_20_pct": 81.66666666666667
      },
      "stability": {
        "rmse": 6.122322199173432,
        "mae": 4.85423539797465,
        "r2": 0.3788279835461752,
        "within_7_days_pct": 75.33333333333333
      }
    },
    {
      "round": "Update 3",
      "train_size": 3400,
      "dose": {
        "rmse": 6.28520491498696,
        "mae": 4.885295634587607,
        "r2": 0.6695698787276733,
        "within_20_pct": 85.66666666666667
      },
      "stability": {
        "rmse": 6.064500002153241,
        "mae": 4.82349544207255,
        "r2": 0.390505879029749,
        "within_7_days_pct": 75.5
      }
    }
  ],
  "artifacts": {
    "metrics_csv": "/home/surya/Projects/VitaLink_Karthi/ml_pipeline/output/continual_update_metrics.csv",
    "summary_json": "/home/surya/Projects/VitaLink_Karthi/ml_pipeline/output/continual_update_summary.json",
    "performance_plot": "/home/surya/Projects/VitaLink_Karthi/ml_pipeline/output/continual_update_performance.png",
    "shift_plot": "/home/surya/Projects/VitaLink_Karthi/ml_pipeline/output/continual_update_shift.png",
    "scatter_plot": "/home/surya/Projects/VitaLink_Karthi/ml_pipeline/output/continual_update_scatter.png",
    "report": "/home/surya/Projects/VitaLink_Karthi/ml_pipeline/docs/continual_update_report.md",
    "dose_model": "/home/surya/Projects/VitaLink_Karthi/ml_pipeline/models/continual_dose_model_final.joblib",
    "stability_model": "/home/surya/Projects/VitaLink_Karthi/ml_pipeline/models/continual_stability_model_final.joblib"
  }
}